{"cameraMode":{"drawMode":0,"name":"Shaded","section":"Shading Mode"},"sceneLighting":true,"audioPlay":false,"sceneViewState":{"m_AlwaysRefresh":false,"showFog":true,"showSkybox":true,"showFlares":true,"showImageEffects":true,"showParticleSystems":true,"showVisualEffectGraphs":true,"m_FxEnabled":true},"in2DMode":false,"pivot":{"x":0.31058740615844729,"y":1.2552886009216309,"z":-3.9962048530578615},"rotation":{"x":0.05368488281965256,"y":-0.10316469520330429,"z":0.005576351657509804,"w":0.9932026267051697},"size":0.531460702419281,"orthographic":true}