{"cameraMode":{"drawMode":0,"name":"Shaded","section":"Shading Mode"},"sceneLighting":true,"audioPlay":false,"sceneViewState":{"m_AlwaysRefresh":false,"showFog":true,"showSkybox":true,"showFlares":true,"showImageEffects":true,"showParticleSystems":true,"showVisualEffectGraphs":true,"m_FxEnabled":true},"in2DMode":false,"pivot":{"x":-1.0328775644302369,"y":0.5651516914367676,"z":-3.7879629135131838},"rotation":{"x":0.15404990315437318,"y":-0.7456179857254028,"z":0.18483726680278779,"w":0.6214222311973572},"size":1.2940393686294556,"orthographic":false}