{"cameraMode":{"drawMode":0,"name":"Shaded","section":"Shading Mode"},"sceneLighting":true,"audioPlay":false,"sceneViewState":{"m_AlwaysRefresh":false,"showFog":true,"showSkybox":true,"showFlares":true,"showImageEffects":true,"showParticleSystems":true,"showVisualEffectGraphs":true,"m_FxEnabled":true},"in2DMode":false,"pivot":{"x":-0.1438441276550293,"y":0.025464415550231935,"z":-1.7337965965270997},"rotation":{"x":0.2230977714061737,"y":0.008773025125265122,"z":-0.0020086688455194237,"w":0.9747568964958191},"size":4.838772296905518,"orthographic":true}